{
    "loss": 0.11039140075445175,
    "accuracy": 0.9981248378753662
}