{
    "loss": 1.3137221336364746,
    "accuracy": 0.6149517893791199
}