{
    "loss": 31.54639434814453,
    "accuracy": 0.6320868730545044
}